-- phpMyAdmin SQL Dump
-- version 4.5.4.1deb2ubuntu2
-- http://www.phpmyadmin.net
--
-- Host: localhost
-- Generation Time: Nov 23, 2017 at 06:37 PM
-- Server version: 5.7.20-0ubuntu0.16.04.1
-- PHP Version: 7.0.22-0ubuntu0.16.04.1

SET SQL_MODE = "NO_AUTO_VALUE_ON_ZERO";
SET time_zone = "+00:00";


/*!40101 SET @OLD_CHARACTER_SET_CLIENT=@@CHARACTER_SET_CLIENT */;
/*!40101 SET @OLD_CHARACTER_SET_RESULTS=@@CHARACTER_SET_RESULTS */;
/*!40101 SET @OLD_COLLATION_CONNECTION=@@COLLATION_CONNECTION */;
/*!40101 SET NAMES utf8mb4 */;

--
-- Database: `portal`
--

-- --------------------------------------------------------

--
-- Table structure for table `gallery`
--

CREATE TABLE `gallery` (
  `id` int(3) UNSIGNED NOT NULL,
  `gallery_name` varchar(100) NOT NULL,
  `autor` varchar(42) NOT NULL,
  `datum` timestamp NOT NULL DEFAULT CURRENT_TIMESTAMP,
  `baner` varchar(255) NOT NULL
) ENGINE=MyISAM DEFAULT CHARSET=utf8;

--
-- Dumping data for table `gallery`
--

INSERT INTO `gallery` (`id`, `gallery_name`, `autor`, `datum`, `baner`) VALUES
(1, 'tripleta', 'Mirko', '2017-06-23 09:05:01', '1498208701.jpg'),
(2, 'php srbija', 'Mirko', '2017-06-23 09:25:48', '1498209948.jpg');

-- --------------------------------------------------------

--
-- Table structure for table `gallery_images`
--

CREATE TABLE `gallery_images` (
  `id` int(3) UNSIGNED NOT NULL,
  `idGallery` int(3) NOT NULL,
  `slika` varchar(200) NOT NULL,
  `komentar` text
) ENGINE=MyISAM DEFAULT CHARSET=utf8;

--
-- Dumping data for table `gallery_images`
--

INSERT INTO `gallery_images` (`id`, `idGallery`, `slika`, `komentar`) VALUES
(1, 1, '1498208748_1.jpg', ''),
(2, 1, '1498208748_2.jpg', ''),
(3, 1, '1498208748_4.jpg', ''),
(4, 1, '1498208748_5.jpg', ''),
(5, 1, '1498208879_1.jpg', ''),
(6, 1, '1498208880_2.jpg', ''),
(7, 1, '1498208880_3.jpg', ''),
(8, 2, '1498209999_1.jpg', ''),
(9, 2, '1498209999_2.jpg', ''),
(10, 2, '1498209999_3.jpg', ''),
(11, 2, '1498209999_4.jpg', ''),
(12, 2, '1498209999_5.jpg', ''),
(13, 2, '1498209999_6.jpg', '');

-- --------------------------------------------------------

--
-- Table structure for table `kategorije`
--

CREATE TABLE `kategorije` (
  `id` int(2) UNSIGNED NOT NULL,
  `naziv` varchar(50) NOT NULL
) ENGINE=MyISAM DEFAULT CHARSET=utf8;

--
-- Dumping data for table `kategorije`
--

INSERT INTO `kategorije` (`id`, `naziv`) VALUES
(1, 'info'),
(2, 'hronika'),
(3, 'zabava'),
(4, 'sport'),
(5, 'it');

-- --------------------------------------------------------

--
-- Table structure for table `komentari`
--

CREATE TABLE `komentari` (
  `id` int(3) UNSIGNED NOT NULL,
  `idVesti` int(3) NOT NULL,
  `autor` varchar(42) NOT NULL,
  `tekst` text NOT NULL,
  `datum` timestamp NOT NULL DEFAULT CURRENT_TIMESTAMP,
  `likes` int(11) NOT NULL DEFAULT '0',
  `unlikes` int(11) NOT NULL DEFAULT '0'
) ENGINE=MyISAM DEFAULT CHARSET=utf8;

--
-- Dumping data for table `komentari`
--

INSERT INTO `komentari` (`id`, `idVesti`, `autor`, `tekst`, `datum`, `likes`, `unlikes`) VALUES
(1, 44, 'mirko', 'To to idemo', '2017-06-27 09:37:22', 6, 2);

-- --------------------------------------------------------

--
-- Table structure for table `news`
--

CREATE TABLE `news` (
  `id` int(3) UNSIGNED NOT NULL,
  `naslov` varchar(200) NOT NULL,
  `opis` varchar(200) NOT NULL,
  `sadrzaj` text NOT NULL,
  `datum` timestamp NOT NULL DEFAULT CURRENT_TIMESTAMP,
  `autor` varchar(42) NOT NULL,
  `slika` varchar(100) NOT NULL,
  `idkategorije` int(2) NOT NULL,
  `obrisan` int(1) NOT NULL DEFAULT '0'
) ENGINE=MyISAM DEFAULT CHARSET=utf8;

--
-- Dumping data for table `news`
--

INSERT INTO `news` (`id`, `naslov`, `opis`, `sadrzaj`, `datum`, `autor`, `slika`, `idkategorije`, `obrisan`) VALUES
(1, 'Naslov info vesti 1', 'Opis info vesti 1', 'Lorem ipsum dolor sit amet, eam ut corpora intellegam contentiones, purto pertinacia et mea. Te mundi vivendo pri, vel maluisset voluptatum ex. Eu pri animal electram repudiandae. Ei his adolescens disputationi, nec ea vide qualisque sadipscing. Cu vix bonorum scaevola suavitate, his at modo democritum ullamcorper. Sapientem assentior ut cum, sed id purto ocurreret. Tation viderer senserit ut sea.\r\n\r\nPri veniam numquam in, ut nec gubergren mediocritatem. Ei liber aeterno postulant nam, vel expetendis consequuntur ei. Erant solet mea cu, ferri solum sea in. Dicta legere eum no, ex ludus conceptam forensibus his, nobis affert insolens eam eu. An usu alterum persecuti. Ei has option eripuit phaedrum, luptatum menandri quaestio mel eu.\r\n\r\nTollit dicant aliquando an ius, et commodo nostrud est. Quo ei prima tantas periculis, at est sonet quaeque assueverit. Eu sed aperiam instructior, facilisi posidonium eum et. Vim cu porro albucius scripserit, in gubergren hendrerit voluptaria sit.\r\n\r\nEa minimum vituperata sit, ius simul graeci iuvaret te. Populo putent ad vis, pri id choro ponderum praesent, dicunt suscipit insolens his cu. An usu debitis repudiare. Et vocibus definiebas pri.\r\n\r\nMolestie convenire cum et, possit labitur et qui. Tantas altera splendide at eos, nam an bonorum postulant. Ea diceret conclusionemque pri. Odio falli usu ei.', '2017-05-08 20:08:12', 'remirex1987', '1494274092.jpg', 1, 0),
(2, 'Naslov hronika vesti 1', 'Opis hronika vesti 1', 'Lorem ipsum dolor sit amet, eam ut corpora intellegam contentiones, purto pertinacia et mea. Te mundi vivendo pri, vel maluisset voluptatum ex. Eu pri animal electram repudiandae. Ei his adolescens disputationi, nec ea vide qualisque sadipscing. Cu vix bonorum scaevola suavitate, his at modo democritum ullamcorper. Sapientem assentior ut cum, sed id purto ocurreret. Tation viderer senserit ut sea.\r\n\r\nPri veniam numquam in, ut nec gubergren mediocritatem. Ei liber aeterno postulant nam, vel expetendis consequuntur ei. Erant solet mea cu, ferri solum sea in. Dicta legere eum no, ex ludus conceptam forensibus his, nobis affert insolens eam eu. An usu alterum persecuti. Ei has option eripuit phaedrum, luptatum menandri quaestio mel eu.\r\n\r\nTollit dicant aliquando an ius, et commodo nostrud est. Quo ei prima tantas periculis, at est sonet quaeque assueverit. Eu sed aperiam instructior, facilisi posidonium eum et. Vim cu porro albucius scripserit, in gubergren hendrerit voluptaria sit.\r\n\r\nEa minimum vituperata sit, ius simul graeci iuvaret te. Populo putent ad vis, pri id choro ponderum praesent, dicunt suscipit insolens his cu. An usu debitis repudiare. Et vocibus definiebas pri.\r\n\r\nMolestie convenire cum et, possit labitur et qui. Tantas altera splendide at eos, nam an bonorum postulant. Ea diceret conclusionemque pri. Odio falli usu ei.', '2017-05-08 20:11:25', 'remirex1987', '1494274285.jpg', 2, 0),
(3, 'Naslov zabava vesti 1', 'Opis zabava vesti 1', 'Lorem ipsum dolor sit amet, eam ut corpora intellegam contentiones, purto pertinacia et mea. Te mundi vivendo pri, vel maluisset voluptatum ex. Eu pri animal electram repudiandae. Ei his adolescens disputationi, nec ea vide qualisque sadipscing. Cu vix bonorum scaevola suavitate, his at modo democritum ullamcorper. Sapientem assentior ut cum, sed id purto ocurreret. Tation viderer senserit ut sea.\r\n\r\nPri veniam numquam in, ut nec gubergren mediocritatem. Ei liber aeterno postulant nam, vel expetendis consequuntur ei. Erant solet mea cu, ferri solum sea in. Dicta legere eum no, ex ludus conceptam forensibus his, nobis affert insolens eam eu. An usu alterum persecuti. Ei has option eripuit phaedrum, luptatum menandri quaestio mel eu.\r\n\r\nTollit dicant aliquando an ius, et commodo nostrud est. Quo ei prima tantas periculis, at est sonet quaeque assueverit. Eu sed aperiam instructior, facilisi posidonium eum et. Vim cu porro albucius scripserit, in gubergren hendrerit voluptaria sit.\r\n\r\nEa minimum vituperata sit, ius simul graeci iuvaret te. Populo putent ad vis, pri id choro ponderum praesent, dicunt suscipit insolens his cu. An usu debitis repudiare. Et vocibus definiebas pri.\r\n\r\nMolestie convenire cum et, possit labitur et qui. Tantas altera splendide at eos, nam an bonorum postulant. Ea diceret conclusionemque pri. Odio falli usu ei.', '2017-05-08 20:12:05', 'remirex1987', '1494274325.jpg', 3, 0),
(4, 'Naslov sport vesti 1', 'Opis sport vesti 1', 'Lorem ipsum dolor sit amet, eam ut corpora intellegam contentiones, purto pertinacia et mea. Te mundi vivendo pri, vel maluisset voluptatum ex. Eu pri animal electram repudiandae. Ei his adolescens disputationi, nec ea vide qualisque sadipscing. Cu vix bonorum scaevola suavitate, his at modo democritum ullamcorper. Sapientem assentior ut cum, sed id purto ocurreret. Tation viderer senserit ut sea.\r\n\r\nPri veniam numquam in, ut nec gubergren mediocritatem. Ei liber aeterno postulant nam, vel expetendis consequuntur ei. Erant solet mea cu, ferri solum sea in. Dicta legere eum no, ex ludus conceptam forensibus his, nobis affert insolens eam eu. An usu alterum persecuti. Ei has option eripuit phaedrum, luptatum menandri quaestio mel eu.\r\n\r\nTollit dicant aliquando an ius, et commodo nostrud est. Quo ei prima tantas periculis, at est sonet quaeque assueverit. Eu sed aperiam instructior, facilisi posidonium eum et. Vim cu porro albucius scripserit, in gubergren hendrerit voluptaria sit.\r\n\r\nEa minimum vituperata sit, ius simul graeci iuvaret te. Populo putent ad vis, pri id choro ponderum praesent, dicunt suscipit insolens his cu. An usu debitis repudiare. Et vocibus definiebas pri.\r\n\r\nMolestie convenire cum et, possit labitur et qui. Tantas altera splendide at eos, nam an bonorum postulant. Ea diceret conclusionemque pri. Odio falli usu ei.', '2017-05-08 20:12:43', 'remirex1987', '1494274363.jpg', 4, 0),
(5, 'Naslov it vesti 1', 'Opis it vesti 1', 'Lorem ipsum dolor sit amet, eam ut corpora intellegam contentiones, purto pertinacia et mea. Te mundi vivendo pri, vel maluisset voluptatum ex. Eu pri animal electram repudiandae. Ei his adolescens disputationi, nec ea vide qualisque sadipscing. Cu vix bonorum scaevola suavitate, his at modo democritum ullamcorper. Sapientem assentior ut cum, sed id purto ocurreret. Tation viderer senserit ut sea.\r\n\r\nPri veniam numquam in, ut nec gubergren mediocritatem. Ei liber aeterno postulant nam, vel expetendis consequuntur ei. Erant solet mea cu, ferri solum sea in. Dicta legere eum no, ex ludus conceptam forensibus his, nobis affert insolens eam eu. An usu alterum persecuti. Ei has option eripuit phaedrum, luptatum menandri quaestio mel eu.\r\n\r\nTollit dicant aliquando an ius, et commodo nostrud est. Quo ei prima tantas periculis, at est sonet quaeque assueverit. Eu sed aperiam instructior, facilisi posidonium eum et. Vim cu porro albucius scripserit, in gubergren hendrerit voluptaria sit.\r\n\r\nEa minimum vituperata sit, ius simul graeci iuvaret te. Populo putent ad vis, pri id choro ponderum praesent, dicunt suscipit insolens his cu. An usu debitis repudiare. Et vocibus definiebas pri.\r\n\r\nMolestie convenire cum et, possit labitur et qui. Tantas altera splendide at eos, nam an bonorum postulant. Ea diceret conclusionemque pri. Odio falli usu ei.', '2017-05-08 20:14:12', 'remirex1987', '1494274452.jpg', 5, 0),
(6, 'Naslov info vesti 2', 'Opis info vesti 2', 'Lorem ipsum dolor sit amet, eam ut corpora intellegam contentiones, purto pertinacia et mea. Te mundi vivendo pri, vel maluisset voluptatum ex. Eu pri animal electram repudiandae. Ei his adolescens disputationi, nec ea vide qualisque sadipscing. Cu vix bonorum scaevola suavitate, his at modo democritum ullamcorper. Sapientem assentior ut cum, sed id purto ocurreret. Tation viderer senserit ut sea.\r\n\r\nPri veniam numquam in, ut nec gubergren mediocritatem. Ei liber aeterno postulant nam, vel expetendis consequuntur ei. Erant solet mea cu, ferri solum sea in. Dicta legere eum no, ex ludus conceptam forensibus his, nobis affert insolens eam eu. An usu alterum persecuti. Ei has option eripuit phaedrum, luptatum menandri quaestio mel eu.\r\n\r\nTollit dicant aliquando an ius, et commodo nostrud est. Quo ei prima tantas periculis, at est sonet quaeque assueverit. Eu sed aperiam instructior, facilisi posidonium eum et. Vim cu porro albucius scripserit, in gubergren hendrerit voluptaria sit.\r\n\r\nEa minimum vituperata sit, ius simul graeci iuvaret te. Populo putent ad vis, pri id choro ponderum praesent, dicunt suscipit insolens his cu. An usu debitis repudiare. Et vocibus definiebas pri.\r\n\r\nMolestie convenire cum et, possit labitur et qui. Tantas altera splendide at eos, nam an bonorum postulant. Ea diceret conclusionemque pri. Odio falli usu ei.', '2017-05-08 20:14:47', 'remirex1987', '1494274487.jpg', 1, 0),
(7, 'Naslov hronika vesti 2', 'Opis hronika vesti 2', 'Lorem ipsum dolor sit amet, eam ut corpora intellegam contentiones, purto pertinacia et mea. Te mundi vivendo pri, vel maluisset voluptatum ex. Eu pri animal electram repudiandae. Ei his adolescens disputationi, nec ea vide qualisque sadipscing. Cu vix bonorum scaevola suavitate, his at modo democritum ullamcorper. Sapientem assentior ut cum, sed id purto ocurreret. Tation viderer senserit ut sea.\r\n\r\nPri veniam numquam in, ut nec gubergren mediocritatem. Ei liber aeterno postulant nam, vel expetendis consequuntur ei. Erant solet mea cu, ferri solum sea in. Dicta legere eum no, ex ludus conceptam forensibus his, nobis affert insolens eam eu. An usu alterum persecuti. Ei has option eripuit phaedrum, luptatum menandri quaestio mel eu.\r\n\r\nTollit dicant aliquando an ius, et commodo nostrud est. Quo ei prima tantas periculis, at est sonet quaeque assueverit. Eu sed aperiam instructior, facilisi posidonium eum et. Vim cu porro albucius scripserit, in gubergren hendrerit voluptaria sit.\r\n\r\nEa minimum vituperata sit, ius simul graeci iuvaret te. Populo putent ad vis, pri id choro ponderum praesent, dicunt suscipit insolens his cu. An usu debitis repudiare. Et vocibus definiebas pri.\r\n\r\nMolestie convenire cum et, possit labitur et qui. Tantas altera splendide at eos, nam an bonorum postulant. Ea diceret conclusionemque pri. Odio falli usu ei.', '2017-05-08 20:15:22', 'remirex1987', '1494274522.jpg', 2, 0),
(8, 'Naslov sport vesti 2', 'Opis sport vesti 2', 'Lorem ipsum dolor sit amet, eam ut corpora intellegam contentiones, purto pertinacia et mea. Te mundi vivendo pri, vel maluisset voluptatum ex. Eu pri animal electram repudiandae. Ei his adolescens disputationi, nec ea vide qualisque sadipscing. Cu vix bonorum scaevola suavitate, his at modo democritum ullamcorper. Sapientem assentior ut cum, sed id purto ocurreret. Tation viderer senserit ut sea.\r\n\r\nPri veniam numquam in, ut nec gubergren mediocritatem. Ei liber aeterno postulant nam, vel expetendis consequuntur ei. Erant solet mea cu, ferri solum sea in. Dicta legere eum no, ex ludus conceptam forensibus his, nobis affert insolens eam eu. An usu alterum persecuti. Ei has option eripuit phaedrum, luptatum menandri quaestio mel eu.\r\n\r\nTollit dicant aliquando an ius, et commodo nostrud est. Quo ei prima tantas periculis, at est sonet quaeque assueverit. Eu sed aperiam instructior, facilisi posidonium eum et. Vim cu porro albucius scripserit, in gubergren hendrerit voluptaria sit.\r\n\r\nEa minimum vituperata sit, ius simul graeci iuvaret te. Populo putent ad vis, pri id choro ponderum praesent, dicunt suscipit insolens his cu. An usu debitis repudiare. Et vocibus definiebas pri.\r\n\r\nMolestie convenire cum et, possit labitur et qui. Tantas altera splendide at eos, nam an bonorum postulant. Ea diceret conclusionemque pri. Odio falli usu ei.', '2017-05-08 20:16:21', 'remirex1987', '1494274581.jpg', 4, 0),
(9, 'Naslov it vesti 2', 'Opis it vesti 2', 'Lorem ipsum dolor sit amet, eam ut corpora intellegam contentiones, purto pertinacia et mea. Te mundi vivendo pri, vel maluisset voluptatum ex. Eu pri animal electram repudiandae. Ei his adolescens disputationi, nec ea vide qualisque sadipscing. Cu vix bonorum scaevola suavitate, his at modo democritum ullamcorper. Sapientem assentior ut cum, sed id purto ocurreret. Tation viderer senserit ut sea.\r\n\r\nPri veniam numquam in, ut nec gubergren mediocritatem. Ei liber aeterno postulant nam, vel expetendis consequuntur ei. Erant solet mea cu, ferri solum sea in. Dicta legere eum no, ex ludus conceptam forensibus his, nobis affert insolens eam eu. An usu alterum persecuti. Ei has option eripuit phaedrum, luptatum menandri quaestio mel eu.\r\n\r\nTollit dicant aliquando an ius, et commodo nostrud est. Quo ei prima tantas periculis, at est sonet quaeque assueverit. Eu sed aperiam instructior, facilisi posidonium eum et. Vim cu porro albucius scripserit, in gubergren hendrerit voluptaria sit.\r\n\r\nEa minimum vituperata sit, ius simul graeci iuvaret te. Populo putent ad vis, pri id choro ponderum praesent, dicunt suscipit insolens his cu. An usu debitis repudiare. Et vocibus definiebas pri.\r\n\r\nMolestie convenire cum et, possit labitur et qui. Tantas altera splendide at eos, nam an bonorum postulant. Ea diceret conclusionemque pri. Odio falli usu ei.', '2017-05-08 20:16:57', 'remirex1987', '1494274617.jpg', 5, 0),
(10, 'Naslov zabava vesti 2', 'Opis zabava vesti 2', 'Lorem ipsum dolor sit amet, eam ut corpora intellegam contentiones, purto pertinacia et mea. Te mundi vivendo pri, vel maluisset voluptatum ex. Eu pri animal electram repudiandae. Ei his adolescens disputationi, nec ea vide qualisque sadipscing. Cu vix bonorum scaevola suavitate, his at modo democritum ullamcorper. Sapientem assentior ut cum, sed id purto ocurreret. Tation viderer senserit ut sea.\r\n\r\nPri veniam numquam in, ut nec gubergren mediocritatem. Ei liber aeterno postulant nam, vel expetendis consequuntur ei. Erant solet mea cu, ferri solum sea in. Dicta legere eum no, ex ludus conceptam forensibus his, nobis affert insolens eam eu. An usu alterum persecuti. Ei has option eripuit phaedrum, luptatum menandri quaestio mel eu.\r\n\r\nTollit dicant aliquando an ius, et commodo nostrud est. Quo ei prima tantas periculis, at est sonet quaeque assueverit. Eu sed aperiam instructior, facilisi posidonium eum et. Vim cu porro albucius scripserit, in gubergren hendrerit voluptaria sit.\r\n\r\nEa minimum vituperata sit, ius simul graeci iuvaret te. Populo putent ad vis, pri id choro ponderum praesent, dicunt suscipit insolens his cu. An usu debitis repudiare. Et vocibus definiebas pri.\r\n\r\nMolestie convenire cum et, possit labitur et qui. Tantas altera splendide at eos, nam an bonorum postulant. Ea diceret conclusionemque pri. Odio falli usu ei.', '2017-05-08 20:18:35', 'remirex1987', '1494274715.jpg', 3, 0),
(11, 'Naslov info vesti 3', 'Opis info vesti 3', 'Lorem ipsum dolor sit amet, at nec nibh expetendis vituperatoribus, in duo deseruisse posidonium quaerendum. Per mollis equidem ad, omnis timeam eum ad, nonumy sanctus molestiae an nec. Duo verear commune an, an justo tollit omittantur mei. His te eros vocent. Enim nusquam mel ei, nec falli dictas ne, erant timeam aeterno ad pri.\r\n\r\nGraeci salutatus eam et, agam facer ea eos. Quodsi officiis cu usu. Ius cu idque partem disputationi, augue conceptam id mel, unum intellegebat est ea. Lorem malorum percipit vim ex, ea unum mediocrem vis.\r\n\r\nEi enim illum insolens ius, no sea vitae quidam adversarium. Ea mel blandit inimicus. No eripuit explicari reprehendunt per, ei nec epicurei pertinax, sit suas essent ad. Vivendum pertinacia definiebas eam ad, mea officiis laboramus ne. In quot probatus persequeris eam.\r\n\r\nQuo ne amet dicat veniam. Usu cu etiam populo vituperatoribus. Eos malorum mnesarchum disputationi ex. Nostrum blandit patrioque mel no, per officiis elaboraret at, vix legere tractatos ei. Mei an solet aliquam facilis, his et illum fugit appareat. Te aliquip postulant vel, no commune suavitate theophrastus nam. Accusata corrumpit persecuti in eam, usu et atomorum ullamcorper.\r\n\r\nUt ferri elitr exerci vel, ut duo deleniti dissentiunt liberavisse. Iudicabit instructior definitiones est at, sumo animal comprehensam ad cum, cum accusata accusamus eu. Populo facete qui ea, at bonorum antiopam suscipiantur cum. Sententiae sadipscing ne has. Et per delectus probatus conceptam. Cu sanctus petentium eam. Ei cetero invenire dissentiunt qui, has an labore indoctum similique, dicta labores cu vel.', '2017-05-09 13:38:40', 'mirko', '1494337120.jpg', 1, 0),
(12, 'Naslov sport vesti 3', 'Opis Sport vesti 3', 'Lorem ipsum dolor sit amet, at nec nibh expetendis vituperatoribus, in duo deseruisse posidonium quaerendum. Per mollis equidem ad, omnis timeam eum ad, nonumy sanctus molestiae an nec. Duo verear commune an, an justo tollit omittantur mei. His te eros vocent. Enim nusquam mel ei, nec falli dictas ne, erant timeam aeterno ad pri.\r\n\r\nGraeci salutatus eam et, agam facer ea eos. Quodsi officiis cu usu. Ius cu idque partem disputationi, augue conceptam id mel, unum intellegebat est ea. Lorem malorum percipit vim ex, ea unum mediocrem vis.\r\n\r\nEi enim illum insolens ius, no sea vitae quidam adversarium. Ea mel blandit inimicus. No eripuit explicari reprehendunt per, ei nec epicurei pertinax, sit suas essent ad. Vivendum pertinacia definiebas eam ad, mea officiis laboramus ne. In quot probatus persequeris eam.\r\n\r\nQuo ne amet dicat veniam. Usu cu etiam populo vituperatoribus. Eos malorum mnesarchum disputationi ex. Nostrum blandit patrioque mel no, per officiis elaboraret at, vix legere tractatos ei. Mei an solet aliquam facilis, his et illum fugit appareat. Te aliquip postulant vel, no commune suavitate theophrastus nam. Accusata corrumpit persecuti in eam, usu et atomorum ullamcorper.\r\n\r\nUt ferri elitr exerci vel, ut duo deleniti dissentiunt liberavisse. Iudicabit instructior definitiones est at, sumo animal comprehensam ad cum, cum accusata accusamus eu. Populo facete qui ea, at bonorum antiopam suscipiantur cum. Sententiae sadipscing ne has. Et per delectus probatus conceptam. Cu sanctus petentium eam. Ei cetero invenire dissentiunt qui, has an labore indoctum similique, dicta labores cu vel.', '2017-05-09 13:39:21', 'mirko', '1494337161.jpg', 4, 0),
(13, 'Naslov zabava vesti3 ', 'Opis zabava vesti 3', 'Lorem ipsum dolor sit amet, at nec nibh expetendis vituperatoribus, in duo deseruisse posidonium quaerendum. Per mollis equidem ad, omnis timeam eum ad, nonumy sanctus molestiae an nec. Duo verear commune an, an justo tollit omittantur mei. His te eros vocent. Enim nusquam mel ei, nec falli dictas ne, erant timeam aeterno ad pri.\r\n\r\nGraeci salutatus eam et, agam facer ea eos. Quodsi officiis cu usu. Ius cu idque partem disputationi, augue conceptam id mel, unum intellegebat est ea. Lorem malorum percipit vim ex, ea unum mediocrem vis.\r\n\r\nEi enim illum insolens ius, no sea vitae quidam adversarium. Ea mel blandit inimicus. No eripuit explicari reprehendunt per, ei nec epicurei pertinax, sit suas essent ad. Vivendum pertinacia definiebas eam ad, mea officiis laboramus ne. In quot probatus persequeris eam.\r\n\r\nQuo ne amet dicat veniam. Usu cu etiam populo vituperatoribus. Eos malorum mnesarchum disputationi ex. Nostrum blandit patrioque mel no, per officiis elaboraret at, vix legere tractatos ei. Mei an solet aliquam facilis, his et illum fugit appareat. Te aliquip postulant vel, no commune suavitate theophrastus nam. Accusata corrumpit persecuti in eam, usu et atomorum ullamcorper.\r\n\r\nUt ferri elitr exerci vel, ut duo deleniti dissentiunt liberavisse. Iudicabit instructior definitiones est at, sumo animal comprehensam ad cum, cum accusata accusamus eu. Populo facete qui ea, at bonorum antiopam suscipiantur cum. Sententiae sadipscing ne has. Et per delectus probatus conceptam. Cu sanctus petentium eam. Ei cetero invenire dissentiunt qui, has an labore indoctum similique, dicta labores cu vel.', '2017-05-09 13:40:01', 'mirko', '1494337201.jpg', 3, 0),
(14, 'Naslov it vesti 3', 'Opis it vesti 3', 'Lorem ipsum dolor sit amet, at nec nibh expetendis vituperatoribus, in duo deseruisse posidonium quaerendum. Per mollis equidem ad, omnis timeam eum ad, nonumy sanctus molestiae an nec. Duo verear commune an, an justo tollit omittantur mei. His te eros vocent. Enim nusquam mel ei, nec falli dictas ne, erant timeam aeterno ad pri.\r\n\r\nGraeci salutatus eam et, agam facer ea eos. Quodsi officiis cu usu. Ius cu idque partem disputationi, augue conceptam id mel, unum intellegebat est ea. Lorem malorum percipit vim ex, ea unum mediocrem vis.\r\n\r\nEi enim illum insolens ius, no sea vitae quidam adversarium. Ea mel blandit inimicus. No eripuit explicari reprehendunt per, ei nec epicurei pertinax, sit suas essent ad. Vivendum pertinacia definiebas eam ad, mea officiis laboramus ne. In quot probatus persequeris eam.\r\n\r\nQuo ne amet dicat veniam. Usu cu etiam populo vituperatoribus. Eos malorum mnesarchum disputationi ex. Nostrum blandit patrioque mel no, per officiis elaboraret at, vix legere tractatos ei. Mei an solet aliquam facilis, his et illum fugit appareat. Te aliquip postulant vel, no commune suavitate theophrastus nam. Accusata corrumpit persecuti in eam, usu et atomorum ullamcorper.\r\n\r\nUt ferri elitr exerci vel, ut duo deleniti dissentiunt liberavisse. Iudicabit instructior definitiones est at, sumo animal comprehensam ad cum, cum accusata accusamus eu. Populo facete qui ea, at bonorum antiopam suscipiantur cum. Sententiae sadipscing ne has. Et per delectus probatus conceptam. Cu sanctus petentium eam. Ei cetero invenire dissentiunt qui, has an labore indoctum similique, dicta labores cu vel.', '2017-05-09 13:43:08', 'mirko', '1494337387.jpg', 5, 0),
(15, 'Naslov hronika vesti 3', 'Opis hronika vesti 3', 'Lorem ipsum dolor sit amet, at nec nibh expetendis vituperatoribus, in duo deseruisse posidonium quaerendum. Per mollis equidem ad, omnis timeam eum ad, nonumy sanctus molestiae an nec. Duo verear commune an, an justo tollit omittantur mei. His te eros vocent. Enim nusquam mel ei, nec falli dictas ne, erant timeam aeterno ad pri.\r\n\r\nGraeci salutatus eam et, agam facer ea eos. Quodsi officiis cu usu. Ius cu idque partem disputationi, augue conceptam id mel, unum intellegebat est ea. Lorem malorum percipit vim ex, ea unum mediocrem vis.\r\n\r\nEi enim illum insolens ius, no sea vitae quidam adversarium. Ea mel blandit inimicus. No eripuit explicari reprehendunt per, ei nec epicurei pertinax, sit suas essent ad. Vivendum pertinacia definiebas eam ad, mea officiis laboramus ne. In quot probatus persequeris eam.\r\n\r\nQuo ne amet dicat veniam. Usu cu etiam populo vituperatoribus. Eos malorum mnesarchum disputationi ex. Nostrum blandit patrioque mel no, per officiis elaboraret at, vix legere tractatos ei. Mei an solet aliquam facilis, his et illum fugit appareat. Te aliquip postulant vel, no commune suavitate theophrastus nam. Accusata corrumpit persecuti in eam, usu et atomorum ullamcorper.\r\n\r\nUt ferri elitr exerci vel, ut duo deleniti dissentiunt liberavisse. Iudicabit instructior definitiones est at, sumo animal comprehensam ad cum, cum accusata accusamus eu. Populo facete qui ea, at bonorum antiopam suscipiantur cum. Sententiae sadipscing ne has. Et per delectus probatus conceptam. Cu sanctus petentium eam. Ei cetero invenire dissentiunt qui, has an labore indoctum similique, dicta labores cu vel.', '2017-05-09 13:43:56', 'mirko', '1494337435.jpg', 2, 0),
(16, 'Naslov it vesti 4', 'Opis it vesti 4', 'Lorem ipsum dolor sit amet, at nec nibh expetendis vituperatoribus, in duo deseruisse posidonium quaerendum. Per mollis equidem ad, omnis timeam eum ad, nonumy sanctus molestiae an nec. Duo verear commune an, an justo tollit omittantur mei. His te eros vocent. Enim nusquam mel ei, nec falli dictas ne, erant timeam aeterno ad pri.\r\n\r\nGraeci salutatus eam et, agam facer ea eos. Quodsi officiis cu usu. Ius cu idque partem disputationi, augue conceptam id mel, unum intellegebat est ea. Lorem malorum percipit vim ex, ea unum mediocrem vis.\r\n\r\nEi enim illum insolens ius, no sea vitae quidam adversarium. Ea mel blandit inimicus. No eripuit explicari reprehendunt per, ei nec epicurei pertinax, sit suas essent ad. Vivendum pertinacia definiebas eam ad, mea officiis laboramus ne. In quot probatus persequeris eam.\r\n\r\nQuo ne amet dicat veniam. Usu cu etiam populo vituperatoribus. Eos malorum mnesarchum disputationi ex. Nostrum blandit patrioque mel no, per officiis elaboraret at, vix legere tractatos ei. Mei an solet aliquam facilis, his et illum fugit appareat. Te aliquip postulant vel, no commune suavitate theophrastus nam. Accusata corrumpit persecuti in eam, usu et atomorum ullamcorper.\r\n\r\nUt ferri elitr exerci vel, ut duo deleniti dissentiunt liberavisse. Iudicabit instructior definitiones est at, sumo animal comprehensam ad cum, cum accusata accusamus eu. Populo facete qui ea, at bonorum antiopam suscipiantur cum. Sententiae sadipscing ne has. Et per delectus probatus conceptam. Cu sanctus petentium eam. Ei cetero invenire dissentiunt qui, has an labore indoctum similique, dicta labores cu vel.', '2017-05-09 13:46:05', 'mirko', '1494337564.jpg', 5, 0),
(17, 'Naslov četvrte vesti', 'Opis četvrte vesti', 'Lorem ipsum dolor sit amet, te eirmod dissentias usu. Modus urbanitas repudiandae his et, euismod dolores eu eos. Ei pri vide consul quaerendum, quo ei principes moderatius adversarium. Ut quo vocent vulputate, evertitur voluptatum definiebas id his, clita percipit per in. At per indoctum accommodare, pro ex tale debitis commune. Natum omnesque at ius, sea graeci omnium no. Eu vim fugit etiam democritum.\r\n\r\nEi nostrud euripidis democritum est, scripta invenire expetendis et vel, cum sanctus epicuri in. Qui denique atomorum oportere no. Vis id quando deserunt, at mea atqui eirmod. Augue denique ea nam, aeque percipitur ut sea.\r\n\r\nTe sed augue oporteat persequeris. Id alia solet vel, aliquando intellegebat in est. Prompta corrumpit comprehensam et nam. Ei semper cetero salutatus ius. Eu novum labitur meliore mei, quo ex sale munere delectus. Error audiam ex mei, te duo exerci inermis. Inani reprehendunt sea ne.\r\n\r\nVim iracundia laboramus intellegat eu. Ne agam accusata definiebas has, ad consul scripta vel. Dicant accusamus ei nec, no graeci essent dicunt duo. In est vero insolens tacimates, vis prima essent definiebas ex. Duo ad imperdiet consetetur, vix ex facer movet quodsi.\r\n\r\nHas erant mediocrem ut. His vide vocent mnesarchum eu, eu nostrum mentitum persequeris usu. Ex pri purto delicata, ceteros sapientem omittantur pro eu, mel sale noluisse an. No diam etiam eum, vim eu utroque laboramus. Conceptam interpretaris ut per, mea liber mollis praesent ea. Tota dicant est an.', '2017-05-25 13:45:21', 'remirex1987', '1495719921.jpg', 1, 0),
(18, 'Naslov četvrte vesti', 'Opis četvrte vesti', 'Lorem ipsum dolor sit amet, te eirmod dissentias usu. Modus urbanitas repudiandae his et, euismod dolores eu eos. Ei pri vide consul quaerendum, quo ei principes moderatius adversarium. Ut quo vocent vulputate, evertitur voluptatum definiebas id his, clita percipit per in. At per indoctum accommodare, pro ex tale debitis commune. Natum omnesque at ius, sea graeci omnium no. Eu vim fugit etiam democritum.\r\n\r\nEi nostrud euripidis democritum est, scripta invenire expetendis et vel, cum sanctus epicuri in. Qui denique atomorum oportere no. Vis id quando deserunt, at mea atqui eirmod. Augue denique ea nam, aeque percipitur ut sea.\r\n\r\nTe sed augue oporteat persequeris. Id alia solet vel, aliquando intellegebat in est. Prompta corrumpit comprehensam et nam. Ei semper cetero salutatus ius. Eu novum labitur meliore mei, quo ex sale munere delectus. Error audiam ex mei, te duo exerci inermis. Inani reprehendunt sea ne.\r\n\r\nVim iracundia laboramus intellegat eu. Ne agam accusata definiebas has, ad consul scripta vel. Dicant accusamus ei nec, no graeci essent dicunt duo. In est vero insolens tacimates, vis prima essent definiebas ex. Duo ad imperdiet consetetur, vix ex facer movet quodsi.\r\n\r\nHas erant mediocrem ut. His vide vocent mnesarchum eu, eu nostrum mentitum persequeris usu. Ex pri purto delicata, ceteros sapientem omittantur pro eu, mel sale noluisse an. No diam etiam eum, vim eu utroque laboramus. Conceptam interpretaris ut per, mea liber mollis praesent ea. Tota dicant est an.', '2017-05-25 13:53:12', 'remirex1987', '1495720392.jpg', 2, 0),
(19, 'Naslov četvrte vesti', 'Opis četvrte vesti', 'Lorem ipsum dolor sit amet, te eirmod dissentias usu. Modus urbanitas repudiandae his et, euismod dolores eu eos. Ei pri vide consul quaerendum, quo ei principes moderatius adversarium. Ut quo vocent vulputate, evertitur voluptatum definiebas id his, clita percipit per in. At per indoctum accommodare, pro ex tale debitis commune. Natum omnesque at ius, sea graeci omnium no. Eu vim fugit etiam democritum.\r\n\r\nEi nostrud euripidis democritum est, scripta invenire expetendis et vel, cum sanctus epicuri in. Qui denique atomorum oportere no. Vis id quando deserunt, at mea atqui eirmod. Augue denique ea nam, aeque percipitur ut sea.\r\n\r\nTe sed augue oporteat persequeris. Id alia solet vel, aliquando intellegebat in est. Prompta corrumpit comprehensam et nam. Ei semper cetero salutatus ius. Eu novum labitur meliore mei, quo ex sale munere delectus. Error audiam ex mei, te duo exerci inermis. Inani reprehendunt sea ne.\r\n\r\nVim iracundia laboramus intellegat eu. Ne agam accusata definiebas has, ad consul scripta vel. Dicant accusamus ei nec, no graeci essent dicunt duo. In est vero insolens tacimates, vis prima essent definiebas ex. Duo ad imperdiet consetetur, vix ex facer movet quodsi.\r\n\r\nHas erant mediocrem ut. His vide vocent mnesarchum eu, eu nostrum mentitum persequeris usu. Ex pri purto delicata, ceteros sapientem omittantur pro eu, mel sale noluisse an. No diam etiam eum, vim eu utroque laboramus. Conceptam interpretaris ut per, mea liber mollis praesent ea. Tota dicant est an.', '2017-05-25 13:53:46', 'remirex1987', '1495720426.jpg', 3, 0),
(20, 'Naslov četvrte vesti', 'Opis četvrte vesti', 'Lorem ipsum dolor sit amet, te eirmod dissentias usu. Modus urbanitas repudiandae his et, euismod dolores eu eos. Ei pri vide consul quaerendum, quo ei principes moderatius adversarium. Ut quo vocent vulputate, evertitur voluptatum definiebas id his, clita percipit per in. At per indoctum accommodare, pro ex tale debitis commune. Natum omnesque at ius, sea graeci omnium no. Eu vim fugit etiam democritum.\r\n\r\nEi nostrud euripidis democritum est, scripta invenire expetendis et vel, cum sanctus epicuri in. Qui denique atomorum oportere no. Vis id quando deserunt, at mea atqui eirmod. Augue denique ea nam, aeque percipitur ut sea.\r\n\r\nTe sed augue oporteat persequeris. Id alia solet vel, aliquando intellegebat in est. Prompta corrumpit comprehensam et nam. Ei semper cetero salutatus ius. Eu novum labitur meliore mei, quo ex sale munere delectus. Error audiam ex mei, te duo exerci inermis. Inani reprehendunt sea ne.\r\n\r\nVim iracundia laboramus intellegat eu. Ne agam accusata definiebas has, ad consul scripta vel. Dicant accusamus ei nec, no graeci essent dicunt duo. In est vero insolens tacimates, vis prima essent definiebas ex. Duo ad imperdiet consetetur, vix ex facer movet quodsi.\r\n\r\nHas erant mediocrem ut. His vide vocent mnesarchum eu, eu nostrum mentitum persequeris usu. Ex pri purto delicata, ceteros sapientem omittantur pro eu, mel sale noluisse an. No diam etiam eum, vim eu utroque laboramus. Conceptam interpretaris ut per, mea liber mollis praesent ea. Tota dicant est an.', '2017-05-25 13:54:57', 'remirex1987', '1495720497.jpg', 4, 0),
(21, 'Naslov 5 vesti', 'Opis 5 vesti', 'Lorem ipsum dolor sit amet, te eirmod dissentias usu. Modus urbanitas repudiandae his et, euismod dolores eu eos. Ei pri vide consul quaerendum, quo ei principes moderatius adversarium. Ut quo vocent vulputate, evertitur voluptatum definiebas id his, clita percipit per in. At per indoctum accommodare, pro ex tale debitis commune. Natum omnesque at ius, sea graeci omnium no. Eu vim fugit etiam democritum.\r\n\r\nEi nostrud euripidis democritum est, scripta invenire expetendis et vel, cum sanctus epicuri in. Qui denique atomorum oportere no. Vis id quando deserunt, at mea atqui eirmod. Augue denique ea nam, aeque percipitur ut sea.\r\n\r\nTe sed augue oporteat persequeris. Id alia solet vel, aliquando intellegebat in est. Prompta corrumpit comprehensam et nam. Ei semper cetero salutatus ius. Eu novum labitur meliore mei, quo ex sale munere delectus. Error audiam ex mei, te duo exerci inermis. Inani reprehendunt sea ne.\r\n\r\nVim iracundia laboramus intellegat eu. Ne agam accusata definiebas has, ad consul scripta vel. Dicant accusamus ei nec, no graeci essent dicunt duo. In est vero insolens tacimates, vis prima essent definiebas ex. Duo ad imperdiet consetetur, vix ex facer movet quodsi.\r\n\r\nHas erant mediocrem ut. His vide vocent mnesarchum eu, eu nostrum mentitum persequeris usu. Ex pri purto delicata, ceteros sapientem omittantur pro eu, mel sale noluisse an. No diam etiam eum, vim eu utroque laboramus. Conceptam interpretaris ut per, mea liber mollis praesent ea. Tota dicant est an.', '2017-05-25 14:01:39', 'remirex1987', '1495720899.jpg', 5, 0),
(22, 'Naslov 5 vesti', 'Opis 5 vesti', 'Lorem ipsum dolor sit amet, te eirmod dissentias usu. Modus urbanitas repudiandae his et, euismod dolores eu eos. Ei pri vide consul quaerendum, quo ei principes moderatius adversarium. Ut quo vocent vulputate, evertitur voluptatum definiebas id his, clita percipit per in. At per indoctum accommodare, pro ex tale debitis commune. Natum omnesque at ius, sea graeci omnium no. Eu vim fugit etiam democritum.\r\n\r\nEi nostrud euripidis democritum est, scripta invenire expetendis et vel, cum sanctus epicuri in. Qui denique atomorum oportere no. Vis id quando deserunt, at mea atqui eirmod. Augue denique ea nam, aeque percipitur ut sea.\r\n\r\nTe sed augue oporteat persequeris. Id alia solet vel, aliquando intellegebat in est. Prompta corrumpit comprehensam et nam. Ei semper cetero salutatus ius. Eu novum labitur meliore mei, quo ex sale munere delectus. Error audiam ex mei, te duo exerci inermis. Inani reprehendunt sea ne.\r\n\r\nVim iracundia laboramus intellegat eu. Ne agam accusata definiebas has, ad consul scripta vel. Dicant accusamus ei nec, no graeci essent dicunt duo. In est vero insolens tacimates, vis prima essent definiebas ex. Duo ad imperdiet consetetur, vix ex facer movet quodsi.\r\n\r\nHas erant mediocrem ut. His vide vocent mnesarchum eu, eu nostrum mentitum persequeris usu. Ex pri purto delicata, ceteros sapientem omittantur pro eu, mel sale noluisse an. No diam etiam eum, vim eu utroque laboramus. Conceptam interpretaris ut per, mea liber mollis praesent ea. Tota dicant est an.', '2017-05-25 14:02:12', 'remirex1987', '1495720932.jpg', 4, 0),
(23, 'Naslov 5 vesti', 'Opis 5 vesti', 'Lorem ipsum dolor sit amet, te eirmod dissentias usu. Modus urbanitas repudiandae his et, euismod dolores eu eos. Ei pri vide consul quaerendum, quo ei principes moderatius adversarium. Ut quo vocent vulputate, evertitur voluptatum definiebas id his, clita percipit per in. At per indoctum accommodare, pro ex tale debitis commune. Natum omnesque at ius, sea graeci omnium no. Eu vim fugit etiam democritum.\r\n\r\nEi nostrud euripidis democritum est, scripta invenire expetendis et vel, cum sanctus epicuri in. Qui denique atomorum oportere no. Vis id quando deserunt, at mea atqui eirmod. Augue denique ea nam, aeque percipitur ut sea.\r\n\r\nTe sed augue oporteat persequeris. Id alia solet vel, aliquando intellegebat in est. Prompta corrumpit comprehensam et nam. Ei semper cetero salutatus ius. Eu novum labitur meliore mei, quo ex sale munere delectus. Error audiam ex mei, te duo exerci inermis. Inani reprehendunt sea ne.\r\n\r\nVim iracundia laboramus intellegat eu. Ne agam accusata definiebas has, ad consul scripta vel. Dicant accusamus ei nec, no graeci essent dicunt duo. In est vero insolens tacimates, vis prima essent definiebas ex. Duo ad imperdiet consetetur, vix ex facer movet quodsi.\r\n\r\nHas erant mediocrem ut. His vide vocent mnesarchum eu, eu nostrum mentitum persequeris usu. Ex pri purto delicata, ceteros sapientem omittantur pro eu, mel sale noluisse an. No diam etiam eum, vim eu utroque laboramus. Conceptam interpretaris ut per, mea liber mollis praesent ea. Tota dicant est an.', '2017-05-25 14:02:44', 'remirex1987', '1495720964.jpg', 3, 0),
(24, 'Naslov 5 vesti', 'Opis 5 vesti', 'Lorem ipsum dolor sit amet, te eirmod dissentias usu. Modus urbanitas repudiandae his et, euismod dolores eu eos. Ei pri vide consul quaerendum, quo ei principes moderatius adversarium. Ut quo vocent vulputate, evertitur voluptatum definiebas id his, clita percipit per in. At per indoctum accommodare, pro ex tale debitis commune. Natum omnesque at ius, sea graeci omnium no. Eu vim fugit etiam democritum.\r\n\r\nEi nostrud euripidis democritum est, scripta invenire expetendis et vel, cum sanctus epicuri in. Qui denique atomorum oportere no. Vis id quando deserunt, at mea atqui eirmod. Augue denique ea nam, aeque percipitur ut sea.\r\n\r\nTe sed augue oporteat persequeris. Id alia solet vel, aliquando intellegebat in est. Prompta corrumpit comprehensam et nam. Ei semper cetero salutatus ius. Eu novum labitur meliore mei, quo ex sale munere delectus. Error audiam ex mei, te duo exerci inermis. Inani reprehendunt sea ne.\r\n\r\nVim iracundia laboramus intellegat eu. Ne agam accusata definiebas has, ad consul scripta vel. Dicant accusamus ei nec, no graeci essent dicunt duo. In est vero insolens tacimates, vis prima essent definiebas ex. Duo ad imperdiet consetetur, vix ex facer movet quodsi.\r\n\r\nHas erant mediocrem ut. His vide vocent mnesarchum eu, eu nostrum mentitum persequeris usu. Ex pri purto delicata, ceteros sapientem omittantur pro eu, mel sale noluisse an. No diam etiam eum, vim eu utroque laboramus. Conceptam interpretaris ut per, mea liber mollis praesent ea. Tota dicant est an.', '2017-05-25 14:03:16', 'remirex1987', '1495720996.jpg', 2, 0),
(25, 'Naslov 5 vesti', 'Opis 5 vesti', 'Lorem ipsum dolor sit amet, te eirmod dissentias usu. Modus urbanitas repudiandae his et, euismod dolores eu eos. Ei pri vide consul quaerendum, quo ei principes moderatius adversarium. Ut quo vocent vulputate, evertitur voluptatum definiebas id his, clita percipit per in. At per indoctum accommodare, pro ex tale debitis commune. Natum omnesque at ius, sea graeci omnium no. Eu vim fugit etiam democritum.\r\n\r\nEi nostrud euripidis democritum est, scripta invenire expetendis et vel, cum sanctus epicuri in. Qui denique atomorum oportere no. Vis id quando deserunt, at mea atqui eirmod. Augue denique ea nam, aeque percipitur ut sea.\r\n\r\nTe sed augue oporteat persequeris. Id alia solet vel, aliquando intellegebat in est. Prompta corrumpit comprehensam et nam. Ei semper cetero salutatus ius. Eu novum labitur meliore mei, quo ex sale munere delectus. Error audiam ex mei, te duo exerci inermis. Inani reprehendunt sea ne.\r\n\r\nVim iracundia laboramus intellegat eu. Ne agam accusata definiebas has, ad consul scripta vel. Dicant accusamus ei nec, no graeci essent dicunt duo. In est vero insolens tacimates, vis prima essent definiebas ex. Duo ad imperdiet consetetur, vix ex facer movet quodsi.\r\n\r\nHas erant mediocrem ut. His vide vocent mnesarchum eu, eu nostrum mentitum persequeris usu. Ex pri purto delicata, ceteros sapientem omittantur pro eu, mel sale noluisse an. No diam etiam eum, vim eu utroque laboramus. Conceptam interpretaris ut per, mea liber mollis praesent ea. Tota dicant est an.', '2017-05-25 14:03:44', 'remirex1987', '1495721024.jpg', 1, 0),
(26, 'Naslov 6 vesti', 'Opis 6 vesti', 'Lorem ipsum dolor sit amet, te eirmod dissentias usu. Modus urbanitas repudiandae his et, euismod dolores eu eos. Ei pri vide consul quaerendum, quo ei principes moderatius adversarium. Ut quo vocent vulputate, evertitur voluptatum definiebas id his, clita percipit per in. At per indoctum accommodare, pro ex tale debitis commune. Natum omnesque at ius, sea graeci omnium no. Eu vim fugit etiam democritum.\r\n\r\nEi nostrud euripidis democritum est, scripta invenire expetendis et vel, cum sanctus epicuri in. Qui denique atomorum oportere no. Vis id quando deserunt, at mea atqui eirmod. Augue denique ea nam, aeque percipitur ut sea.\r\n\r\nTe sed augue oporteat persequeris. Id alia solet vel, aliquando intellegebat in est. Prompta corrumpit comprehensam et nam. Ei semper cetero salutatus ius. Eu novum labitur meliore mei, quo ex sale munere delectus. Error audiam ex mei, te duo exerci inermis. Inani reprehendunt sea ne.\r\n\r\nVim iracundia laboramus intellegat eu. Ne agam accusata definiebas has, ad consul scripta vel. Dicant accusamus ei nec, no graeci essent dicunt duo. In est vero insolens tacimates, vis prima essent definiebas ex. Duo ad imperdiet consetetur, vix ex facer movet quodsi.\r\n\r\nHas erant mediocrem ut. His vide vocent mnesarchum eu, eu nostrum mentitum persequeris usu. Ex pri purto delicata, ceteros sapientem omittantur pro eu, mel sale noluisse an. No diam etiam eum, vim eu utroque laboramus. Conceptam interpretaris ut per, mea liber mollis praesent ea. Tota dicant est an.', '2017-05-25 14:07:53', 'remirex1987', '1495721273.jpg', 1, 0),
(27, 'Naslov 6 vesti', 'Opis 6 vesti', 'Lorem ipsum dolor sit amet, te eirmod dissentias usu. Modus urbanitas repudiandae his et, euismod dolores eu eos. Ei pri vide consul quaerendum, quo ei principes moderatius adversarium. Ut quo vocent vulputate, evertitur voluptatum definiebas id his, clita percipit per in. At per indoctum accommodare, pro ex tale debitis commune. Natum omnesque at ius, sea graeci omnium no. Eu vim fugit etiam democritum.\r\n\r\nEi nostrud euripidis democritum est, scripta invenire expetendis et vel, cum sanctus epicuri in. Qui denique atomorum oportere no. Vis id quando deserunt, at mea atqui eirmod. Augue denique ea nam, aeque percipitur ut sea.\r\n\r\nTe sed augue oporteat persequeris. Id alia solet vel, aliquando intellegebat in est. Prompta corrumpit comprehensam et nam. Ei semper cetero salutatus ius. Eu novum labitur meliore mei, quo ex sale munere delectus. Error audiam ex mei, te duo exerci inermis. Inani reprehendunt sea ne.\r\n\r\nVim iracundia laboramus intellegat eu. Ne agam accusata definiebas has, ad consul scripta vel. Dicant accusamus ei nec, no graeci essent dicunt duo. In est vero insolens tacimates, vis prima essent definiebas ex. Duo ad imperdiet consetetur, vix ex facer movet quodsi.\r\n\r\nHas erant mediocrem ut. His vide vocent mnesarchum eu, eu nostrum mentitum persequeris usu. Ex pri purto delicata, ceteros sapientem omittantur pro eu, mel sale noluisse an. No diam etiam eum, vim eu utroque laboramus. Conceptam interpretaris ut per, mea liber mollis praesent ea. Tota dicant est an.', '2017-05-25 14:08:23', 'remirex1987', '1495721303.jpg', 2, 0),
(28, 'Naslov 6 vesti', 'Opis 6 vesti', 'Lorem ipsum dolor sit amet, te eirmod dissentias usu. Modus urbanitas repudiandae his et, euismod dolores eu eos. Ei pri vide consul quaerendum, quo ei principes moderatius adversarium. Ut quo vocent vulputate, evertitur voluptatum definiebas id his, clita percipit per in. At per indoctum accommodare, pro ex tale debitis commune. Natum omnesque at ius, sea graeci omnium no. Eu vim fugit etiam democritum.\r\n\r\nEi nostrud euripidis democritum est, scripta invenire expetendis et vel, cum sanctus epicuri in. Qui denique atomorum oportere no. Vis id quando deserunt, at mea atqui eirmod. Augue denique ea nam, aeque percipitur ut sea.\r\n\r\nTe sed augue oporteat persequeris. Id alia solet vel, aliquando intellegebat in est. Prompta corrumpit comprehensam et nam. Ei semper cetero salutatus ius. Eu novum labitur meliore mei, quo ex sale munere delectus. Error audiam ex mei, te duo exerci inermis. Inani reprehendunt sea ne.\r\n\r\nVim iracundia laboramus intellegat eu. Ne agam accusata definiebas has, ad consul scripta vel. Dicant accusamus ei nec, no graeci essent dicunt duo. In est vero insolens tacimates, vis prima essent definiebas ex. Duo ad imperdiet consetetur, vix ex facer movet quodsi.\r\n\r\nHas erant mediocrem ut. His vide vocent mnesarchum eu, eu nostrum mentitum persequeris usu. Ex pri purto delicata, ceteros sapientem omittantur pro eu, mel sale noluisse an. No diam etiam eum, vim eu utroque laboramus. Conceptam interpretaris ut per, mea liber mollis praesent ea. Tota dicant est an.', '2017-05-25 14:08:49', 'remirex1987', '1495721329.jpg', 3, 0),
(29, 'Naslov 6 vesti', 'opis 6 vesti', 'Lorem ipsum dolor sit amet, te eirmod dissentias usu. Modus urbanitas repudiandae his et, euismod dolores eu eos. Ei pri vide consul quaerendum, quo ei principes moderatius adversarium. Ut quo vocent vulputate, evertitur voluptatum definiebas id his, clita percipit per in. At per indoctum accommodare, pro ex tale debitis commune. Natum omnesque at ius, sea graeci omnium no. Eu vim fugit etiam democritum.\r\n\r\nEi nostrud euripidis democritum est, scripta invenire expetendis et vel, cum sanctus epicuri in. Qui denique atomorum oportere no. Vis id quando deserunt, at mea atqui eirmod. Augue denique ea nam, aeque percipitur ut sea.\r\n\r\nTe sed augue oporteat persequeris. Id alia solet vel, aliquando intellegebat in est. Prompta corrumpit comprehensam et nam. Ei semper cetero salutatus ius. Eu novum labitur meliore mei, quo ex sale munere delectus. Error audiam ex mei, te duo exerci inermis. Inani reprehendunt sea ne.\r\n\r\nVim iracundia laboramus intellegat eu. Ne agam accusata definiebas has, ad consul scripta vel. Dicant accusamus ei nec, no graeci essent dicunt duo. In est vero insolens tacimates, vis prima essent definiebas ex. Duo ad imperdiet consetetur, vix ex facer movet quodsi.\r\n\r\nHas erant mediocrem ut. His vide vocent mnesarchum eu, eu nostrum mentitum persequeris usu. Ex pri purto delicata, ceteros sapientem omittantur pro eu, mel sale noluisse an. No diam etiam eum, vim eu utroque laboramus. Conceptam interpretaris ut per, mea liber mollis praesent ea. Tota dicant est an.', '2017-05-25 14:09:15', 'remirex1987', '1495721355.jpg', 4, 0),
(30, 'naslov 6 vesti', 'Opis 6 vesti', 'Lorem ipsum dolor sit amet, te eirmod dissentias usu. Modus urbanitas repudiandae his et, euismod dolores eu eos. Ei pri vide consul quaerendum, quo ei principes moderatius adversarium. Ut quo vocent vulputate, evertitur voluptatum definiebas id his, clita percipit per in. At per indoctum accommodare, pro ex tale debitis commune. Natum omnesque at ius, sea graeci omnium no. Eu vim fugit etiam democritum.\r\n\r\nEi nostrud euripidis democritum est, scripta invenire expetendis et vel, cum sanctus epicuri in. Qui denique atomorum oportere no. Vis id quando deserunt, at mea atqui eirmod. Augue denique ea nam, aeque percipitur ut sea.\r\n\r\nTe sed augue oporteat persequeris. Id alia solet vel, aliquando intellegebat in est. Prompta corrumpit comprehensam et nam. Ei semper cetero salutatus ius. Eu novum labitur meliore mei, quo ex sale munere delectus. Error audiam ex mei, te duo exerci inermis. Inani reprehendunt sea ne.\r\n\r\nVim iracundia laboramus intellegat eu. Ne agam accusata definiebas has, ad consul scripta vel. Dicant accusamus ei nec, no graeci essent dicunt duo. In est vero insolens tacimates, vis prima essent definiebas ex. Duo ad imperdiet consetetur, vix ex facer movet quodsi.\r\n\r\nHas erant mediocrem ut. His vide vocent mnesarchum eu, eu nostrum mentitum persequeris usu. Ex pri purto delicata, ceteros sapientem omittantur pro eu, mel sale noluisse an. No diam etiam eum, vim eu utroque laboramus. Conceptam interpretaris ut per, mea liber mollis praesent ea. Tota dicant est an.', '2017-05-25 14:09:49', 'remirex1987', '1495721389.jpg', 5, 0),
(31, 'Naslov sedme vesti', 'Opis sedme vesti', 'Lorem ipsum dolor sit amet, te eirmod dissentias usu. Modus urbanitas repudiandae his et, euismod dolores eu eos. Ei pri vide consul quaerendum, quo ei principes moderatius adversarium. Ut quo vocent vulputate, evertitur voluptatum definiebas id his, clita percipit per in. At per indoctum accommodare, pro ex tale debitis commune. Natum omnesque at ius, sea graeci omnium no. Eu vim fugit etiam democritum.\r\n\r\nEi nostrud euripidis democritum est, scripta invenire expetendis et vel, cum sanctus epicuri in. Qui denique atomorum oportere no. Vis id quando deserunt, at mea atqui eirmod. Augue denique ea nam, aeque percipitur ut sea.\r\n\r\nTe sed augue oporteat persequeris. Id alia solet vel, aliquando intellegebat in est. Prompta corrumpit comprehensam et nam. Ei semper cetero salutatus ius. Eu novum labitur meliore mei, quo ex sale munere delectus. Error audiam ex mei, te duo exerci inermis. Inani reprehendunt sea ne.\r\n\r\nVim iracundia laboramus intellegat eu. Ne agam accusata definiebas has, ad consul scripta vel. Dicant accusamus ei nec, no graeci essent dicunt duo. In est vero insolens tacimates, vis prima essent definiebas ex. Duo ad imperdiet consetetur, vix ex facer movet quodsi.\r\n\r\nHas erant mediocrem ut. His vide vocent mnesarchum eu, eu nostrum mentitum persequeris usu. Ex pri purto delicata, ceteros sapientem omittantur pro eu, mel sale noluisse an. No diam etiam eum, vim eu utroque laboramus. Conceptam interpretaris ut per, mea liber mollis praesent ea. Tota dicant est an.', '2017-05-25 14:10:20', 'remirex1987', '1495721420.jpg', 1, 0);
INSERT INTO `news` (`id`, `naslov`, `opis`, `sadrzaj`, `datum`, `autor`, `slika`, `idkategorije`, `obrisan`) VALUES
(32, 'Naslov sedme vesti', 'Opis sedme vesti', 'Lorem ipsum dolor sit amet, te eirmod dissentias usu. Modus urbanitas repudiandae his et, euismod dolores eu eos. Ei pri vide consul quaerendum, quo ei principes moderatius adversarium. Ut quo vocent vulputate, evertitur voluptatum definiebas id his, clita percipit per in. At per indoctum accommodare, pro ex tale debitis commune. Natum omnesque at ius, sea graeci omnium no. Eu vim fugit etiam democritum.\r\n\r\nEi nostrud euripidis democritum est, scripta invenire expetendis et vel, cum sanctus epicuri in. Qui denique atomorum oportere no. Vis id quando deserunt, at mea atqui eirmod. Augue denique ea nam, aeque percipitur ut sea.\r\n\r\nTe sed augue oporteat persequeris. Id alia solet vel, aliquando intellegebat in est. Prompta corrumpit comprehensam et nam. Ei semper cetero salutatus ius. Eu novum labitur meliore mei, quo ex sale munere delectus. Error audiam ex mei, te duo exerci inermis. Inani reprehendunt sea ne.\r\n\r\nVim iracundia laboramus intellegat eu. Ne agam accusata definiebas has, ad consul scripta vel. Dicant accusamus ei nec, no graeci essent dicunt duo. In est vero insolens tacimates, vis prima essent definiebas ex. Duo ad imperdiet consetetur, vix ex facer movet quodsi.\r\n\r\nHas erant mediocrem ut. His vide vocent mnesarchum eu, eu nostrum mentitum persequeris usu. Ex pri purto delicata, ceteros sapientem omittantur pro eu, mel sale noluisse an. No diam etiam eum, vim eu utroque laboramus. Conceptam interpretaris ut per, mea liber mollis praesent ea. Tota dicant est an.', '2017-05-25 14:10:56', 'remirex1987', '1495721456.jpg', 2, 0),
(33, 'Naslov sedme vesti', 'Opis sedme vesti', 'Lorem ipsum dolor sit amet, te eirmod dissentias usu. Modus urbanitas repudiandae his et, euismod dolores eu eos. Ei pri vide consul quaerendum, quo ei principes moderatius adversarium. Ut quo vocent vulputate, evertitur voluptatum definiebas id his, clita percipit per in. At per indoctum accommodare, pro ex tale debitis commune. Natum omnesque at ius, sea graeci omnium no. Eu vim fugit etiam democritum.\r\n\r\nEi nostrud euripidis democritum est, scripta invenire expetendis et vel, cum sanctus epicuri in. Qui denique atomorum oportere no. Vis id quando deserunt, at mea atqui eirmod. Augue denique ea nam, aeque percipitur ut sea.\r\n\r\nTe sed augue oporteat persequeris. Id alia solet vel, aliquando intellegebat in est. Prompta corrumpit comprehensam et nam. Ei semper cetero salutatus ius. Eu novum labitur meliore mei, quo ex sale munere delectus. Error audiam ex mei, te duo exerci inermis. Inani reprehendunt sea ne.\r\n\r\nVim iracundia laboramus intellegat eu. Ne agam accusata definiebas has, ad consul scripta vel. Dicant accusamus ei nec, no graeci essent dicunt duo. In est vero insolens tacimates, vis prima essent definiebas ex. Duo ad imperdiet consetetur, vix ex facer movet quodsi.\r\n\r\nHas erant mediocrem ut. His vide vocent mnesarchum eu, eu nostrum mentitum persequeris usu. Ex pri purto delicata, ceteros sapientem omittantur pro eu, mel sale noluisse an. No diam etiam eum, vim eu utroque laboramus. Conceptam interpretaris ut per, mea liber mollis praesent ea. Tota dicant est an.', '2017-05-25 14:11:30', 'remirex1987', '1495721490.jpg', 3, 0),
(34, 'Naslov sedme vesti', 'Opis sedme vesti', 'Lorem ipsum dolor sit amet, te eirmod dissentias usu. Modus urbanitas repudiandae his et, euismod dolores eu eos. Ei pri vide consul quaerendum, quo ei principes moderatius adversarium. Ut quo vocent vulputate, evertitur voluptatum definiebas id his, clita percipit per in. At per indoctum accommodare, pro ex tale debitis commune. Natum omnesque at ius, sea graeci omnium no. Eu vim fugit etiam democritum.\r\n\r\nEi nostrud euripidis democritum est, scripta invenire expetendis et vel, cum sanctus epicuri in. Qui denique atomorum oportere no. Vis id quando deserunt, at mea atqui eirmod. Augue denique ea nam, aeque percipitur ut sea.\r\n\r\nTe sed augue oporteat persequeris. Id alia solet vel, aliquando intellegebat in est. Prompta corrumpit comprehensam et nam. Ei semper cetero salutatus ius. Eu novum labitur meliore mei, quo ex sale munere delectus. Error audiam ex mei, te duo exerci inermis. Inani reprehendunt sea ne.\r\n\r\nVim iracundia laboramus intellegat eu. Ne agam accusata definiebas has, ad consul scripta vel. Dicant accusamus ei nec, no graeci essent dicunt duo. In est vero insolens tacimates, vis prima essent definiebas ex. Duo ad imperdiet consetetur, vix ex facer movet quodsi.\r\n\r\nHas erant mediocrem ut. His vide vocent mnesarchum eu, eu nostrum mentitum persequeris usu. Ex pri purto delicata, ceteros sapientem omittantur pro eu, mel sale noluisse an. No diam etiam eum, vim eu utroque laboramus. Conceptam interpretaris ut per, mea liber mollis praesent ea. Tota dicant est an.', '2017-05-25 14:12:04', 'remirex1987', '1495721524.jpg', 4, 0),
(35, 'Naslov 7 vesti', 'Opis 7 vesti', 'Lorem ipsum dolor sit amet, te eirmod dissentias usu. Modus urbanitas repudiandae his et, euismod dolores eu eos. Ei pri vide consul quaerendum, quo ei principes moderatius adversarium. Ut quo vocent vulputate, evertitur voluptatum definiebas id his, clita percipit per in. At per indoctum accommodare, pro ex tale debitis commune. Natum omnesque at ius, sea graeci omnium no. Eu vim fugit etiam democritum.\r\n\r\nEi nostrud euripidis democritum est, scripta invenire expetendis et vel, cum sanctus epicuri in. Qui denique atomorum oportere no. Vis id quando deserunt, at mea atqui eirmod. Augue denique ea nam, aeque percipitur ut sea.\r\n\r\nTe sed augue oporteat persequeris. Id alia solet vel, aliquando intellegebat in est. Prompta corrumpit comprehensam et nam. Ei semper cetero salutatus ius. Eu novum labitur meliore mei, quo ex sale munere delectus. Error audiam ex mei, te duo exerci inermis. Inani reprehendunt sea ne.\r\n\r\nVim iracundia laboramus intellegat eu. Ne agam accusata definiebas has, ad consul scripta vel. Dicant accusamus ei nec, no graeci essent dicunt duo. In est vero insolens tacimates, vis prima essent definiebas ex. Duo ad imperdiet consetetur, vix ex facer movet quodsi.\r\n\r\nHas erant mediocrem ut. His vide vocent mnesarchum eu, eu nostrum mentitum persequeris usu. Ex pri purto delicata, ceteros sapientem omittantur pro eu, mel sale noluisse an. No diam etiam eum, vim eu utroque laboramus. Conceptam interpretaris ut per, mea liber mollis praesent ea. Tota dicant est an.', '2017-05-25 14:12:34', 'remirex1987', '1495721554.jpg', 5, 0),
(36, 'Naslov 8 vesti', 'Opis 8 vesti', 'Lorem ipsum dolor sit amet, te eirmod dissentias usu. Modus urbanitas repudiandae his et, euismod dolores eu eos. Ei pri vide consul quaerendum, quo ei principes moderatius adversarium. Ut quo vocent vulputate, evertitur voluptatum definiebas id his, clita percipit per in. At per indoctum accommodare, pro ex tale debitis commune. Natum omnesque at ius, sea graeci omnium no. Eu vim fugit etiam democritum.\r\n\r\nEi nostrud euripidis democritum est, scripta invenire expetendis et vel, cum sanctus epicuri in. Qui denique atomorum oportere no. Vis id quando deserunt, at mea atqui eirmod. Augue denique ea nam, aeque percipitur ut sea.\r\n\r\nTe sed augue oporteat persequeris. Id alia solet vel, aliquando intellegebat in est. Prompta corrumpit comprehensam et nam. Ei semper cetero salutatus ius. Eu novum labitur meliore mei, quo ex sale munere delectus. Error audiam ex mei, te duo exerci inermis. Inani reprehendunt sea ne.\r\n\r\nVim iracundia laboramus intellegat eu. Ne agam accusata definiebas has, ad consul scripta vel. Dicant accusamus ei nec, no graeci essent dicunt duo. In est vero insolens tacimates, vis prima essent definiebas ex. Duo ad imperdiet consetetur, vix ex facer movet quodsi.\r\n\r\nHas erant mediocrem ut. His vide vocent mnesarchum eu, eu nostrum mentitum persequeris usu. Ex pri purto delicata, ceteros sapientem omittantur pro eu, mel sale noluisse an. No diam etiam eum, vim eu utroque laboramus. Conceptam interpretaris ut per, mea liber mollis praesent ea. Tota dicant est an.', '2017-05-25 14:45:41', 'remirex1987', '1495723541.jpg', 1, 0),
(37, 'Naslov 8 vesti', 'Opis 8 vesti', 'Lorem ipsum dolor sit amet, te eirmod dissentias usu. Modus urbanitas repudiandae his et, euismod dolores eu eos. Ei pri vide consul quaerendum, quo ei principes moderatius adversarium. Ut quo vocent vulputate, evertitur voluptatum definiebas id his, clita percipit per in. At per indoctum accommodare, pro ex tale debitis commune. Natum omnesque at ius, sea graeci omnium no. Eu vim fugit etiam democritum.\r\n\r\nEi nostrud euripidis democritum est, scripta invenire expetendis et vel, cum sanctus epicuri in. Qui denique atomorum oportere no. Vis id quando deserunt, at mea atqui eirmod. Augue denique ea nam, aeque percipitur ut sea.\r\n\r\nTe sed augue oporteat persequeris. Id alia solet vel, aliquando intellegebat in est. Prompta corrumpit comprehensam et nam. Ei semper cetero salutatus ius. Eu novum labitur meliore mei, quo ex sale munere delectus. Error audiam ex mei, te duo exerci inermis. Inani reprehendunt sea ne.\r\n\r\nVim iracundia laboramus intellegat eu. Ne agam accusata definiebas has, ad consul scripta vel. Dicant accusamus ei nec, no graeci essent dicunt duo. In est vero insolens tacimates, vis prima essent definiebas ex. Duo ad imperdiet consetetur, vix ex facer movet quodsi.\r\n\r\nHas erant mediocrem ut. His vide vocent mnesarchum eu, eu nostrum mentitum persequeris usu. Ex pri purto delicata, ceteros sapientem omittantur pro eu, mel sale noluisse an. No diam etiam eum, vim eu utroque laboramus. Conceptam interpretaris ut per, mea liber mollis praesent ea. Tota dicant est an.', '2017-05-25 14:46:16', 'remirex1987', '1495723576.jpg', 2, 0),
(38, 'Naslov 8 vesti', 'Opis 8 vesti', 'Lorem ipsum dolor sit amet, te eirmod dissentias usu. Modus urbanitas repudiandae his et, euismod dolores eu eos. Ei pri vide consul quaerendum, quo ei principes moderatius adversarium. Ut quo vocent vulputate, evertitur voluptatum definiebas id his, clita percipit per in. At per indoctum accommodare, pro ex tale debitis commune. Natum omnesque at ius, sea graeci omnium no. Eu vim fugit etiam democritum.\r\n\r\nEi nostrud euripidis democritum est, scripta invenire expetendis et vel, cum sanctus epicuri in. Qui denique atomorum oportere no. Vis id quando deserunt, at mea atqui eirmod. Augue denique ea nam, aeque percipitur ut sea.\r\n\r\nTe sed augue oporteat persequeris. Id alia solet vel, aliquando intellegebat in est. Prompta corrumpit comprehensam et nam. Ei semper cetero salutatus ius. Eu novum labitur meliore mei, quo ex sale munere delectus. Error audiam ex mei, te duo exerci inermis. Inani reprehendunt sea ne.\r\n\r\nVim iracundia laboramus intellegat eu. Ne agam accusata definiebas has, ad consul scripta vel. Dicant accusamus ei nec, no graeci essent dicunt duo. In est vero insolens tacimates, vis prima essent definiebas ex. Duo ad imperdiet consetetur, vix ex facer movet quodsi.\r\n\r\nHas erant mediocrem ut. His vide vocent mnesarchum eu, eu nostrum mentitum persequeris usu. Ex pri purto delicata, ceteros sapientem omittantur pro eu, mel sale noluisse an. No diam etiam eum, vim eu utroque laboramus. Conceptam interpretaris ut per, mea liber mollis praesent ea. Tota dicant est an.', '2017-05-25 14:46:46', 'remirex1987', '1495723606.jpg', 3, 0),
(39, 'Naslov 8 vesti', 'Opis 8 vesti', 'Lorem ipsum dolor sit amet, te eirmod dissentias usu. Modus urbanitas repudiandae his et, euismod dolores eu eos. Ei pri vide consul quaerendum, quo ei principes moderatius adversarium. Ut quo vocent vulputate, evertitur voluptatum definiebas id his, clita percipit per in. At per indoctum accommodare, pro ex tale debitis commune. Natum omnesque at ius, sea graeci omnium no. Eu vim fugit etiam democritum.\r\n\r\nEi nostrud euripidis democritum est, scripta invenire expetendis et vel, cum sanctus epicuri in. Qui denique atomorum oportere no. Vis id quando deserunt, at mea atqui eirmod. Augue denique ea nam, aeque percipitur ut sea.\r\n\r\nTe sed augue oporteat persequeris. Id alia solet vel, aliquando intellegebat in est. Prompta corrumpit comprehensam et nam. Ei semper cetero salutatus ius. Eu novum labitur meliore mei, quo ex sale munere delectus. Error audiam ex mei, te duo exerci inermis. Inani reprehendunt sea ne.\r\n\r\nVim iracundia laboramus intellegat eu. Ne agam accusata definiebas has, ad consul scripta vel. Dicant accusamus ei nec, no graeci essent dicunt duo. In est vero insolens tacimates, vis prima essent definiebas ex. Duo ad imperdiet consetetur, vix ex facer movet quodsi.\r\n\r\nHas erant mediocrem ut. His vide vocent mnesarchum eu, eu nostrum mentitum persequeris usu. Ex pri purto delicata, ceteros sapientem omittantur pro eu, mel sale noluisse an. No diam etiam eum, vim eu utroque laboramus. Conceptam interpretaris ut per, mea liber mollis praesent ea. Tota dicant est an.', '2017-05-25 14:47:19', 'remirex1987', '1495723639.jpg', 4, 0),
(40, 'Naslov 8 vesti', 'Opis 8 vesti', 'Lorem ipsum dolor sit amet, te eirmod dissentias usu. Modus urbanitas repudiandae his et, euismod dolores eu eos. Ei pri vide consul quaerendum, quo ei principes moderatius adversarium. Ut quo vocent vulputate, evertitur voluptatum definiebas id his, clita percipit per in. At per indoctum accommodare, pro ex tale debitis commune. Natum omnesque at ius, sea graeci omnium no. Eu vim fugit etiam democritum.\r\n\r\nEi nostrud euripidis democritum est, scripta invenire expetendis et vel, cum sanctus epicuri in. Qui denique atomorum oportere no. Vis id quando deserunt, at mea atqui eirmod. Augue denique ea nam, aeque percipitur ut sea.\r\n\r\nTe sed augue oporteat persequeris. Id alia solet vel, aliquando intellegebat in est. Prompta corrumpit comprehensam et nam. Ei semper cetero salutatus ius. Eu novum labitur meliore mei, quo ex sale munere delectus. Error audiam ex mei, te duo exerci inermis. Inani reprehendunt sea ne.\r\n\r\nVim iracundia laboramus intellegat eu. Ne agam accusata definiebas has, ad consul scripta vel. Dicant accusamus ei nec, no graeci essent dicunt duo. In est vero insolens tacimates, vis prima essent definiebas ex. Duo ad imperdiet consetetur, vix ex facer movet quodsi.\r\n\r\nHas erant mediocrem ut. His vide vocent mnesarchum eu, eu nostrum mentitum persequeris usu. Ex pri purto delicata, ceteros sapientem omittantur pro eu, mel sale noluisse an. No diam etiam eum, vim eu utroque laboramus. Conceptam interpretaris ut per, mea liber mollis praesent ea. Tota dicant est an.', '2017-05-25 14:48:01', 'remirex1987', '1495723681.jpg', 5, 0),
(41, 'Naslov devete vesti', 'Opis devete vesti', 'Lorem ipsum dolor sit amet, te eirmod dissentias usu. Modus urbanitas repudiandae his et, euismod dolores eu eos. Ei pri vide consul quaerendum, quo ei principes moderatius adversarium. Ut quo vocent vulputate, evertitur voluptatum definiebas id his, clita percipit per in. At per indoctum accommodare, pro ex tale debitis commune. Natum omnesque at ius, sea graeci omnium no. Eu vim fugit etiam democritum.\r\n\r\nEi nostrud euripidis democritum est, scripta invenire expetendis et vel, cum sanctus epicuri in. Qui denique atomorum oportere no. Vis id quando deserunt, at mea atqui eirmod. Augue denique ea nam, aeque percipitur ut sea.\r\n\r\nTe sed augue oporteat persequeris. Id alia solet vel, aliquando intellegebat in est. Prompta corrumpit comprehensam et nam. Ei semper cetero salutatus ius. Eu novum labitur meliore mei, quo ex sale munere delectus. Error audiam ex mei, te duo exerci inermis. Inani reprehendunt sea ne.\r\n\r\nVim iracundia laboramus intellegat eu. Ne agam accusata definiebas has, ad consul scripta vel. Dicant accusamus ei nec, no graeci essent dicunt duo. In est vero insolens tacimates, vis prima essent definiebas ex. Duo ad imperdiet consetetur, vix ex facer movet quodsi.\r\n\r\nHas erant mediocrem ut. His vide vocent mnesarchum eu, eu nostrum mentitum persequeris usu. Ex pri purto delicata, ceteros sapientem omittantur pro eu, mel sale noluisse an. No diam etiam eum, vim eu utroque laboramus. Conceptam interpretaris ut per, mea liber mollis praesent ea. Tota dicant est an.', '2017-05-25 14:49:49', 'remirex1987', '1495723789.jpg', 1, 0),
(42, 'Naslov devete vesti', 'Opis devete vesti', 'Lorem ipsum dolor sit amet, te eirmod dissentias usu. Modus urbanitas repudiandae his et, euismod dolores eu eos. Ei pri vide consul quaerendum, quo ei principes moderatius adversarium. Ut quo vocent vulputate, evertitur voluptatum definiebas id his, clita percipit per in. At per indoctum accommodare, pro ex tale debitis commune. Natum omnesque at ius, sea graeci omnium no. Eu vim fugit etiam democritum.\r\n\r\nEi nostrud euripidis democritum est, scripta invenire expetendis et vel, cum sanctus epicuri in. Qui denique atomorum oportere no. Vis id quando deserunt, at mea atqui eirmod. Augue denique ea nam, aeque percipitur ut sea.\r\n\r\nTe sed augue oporteat persequeris. Id alia solet vel, aliquando intellegebat in est. Prompta corrumpit comprehensam et nam. Ei semper cetero salutatus ius. Eu novum labitur meliore mei, quo ex sale munere delectus. Error audiam ex mei, te duo exerci inermis. Inani reprehendunt sea ne.\r\n\r\nVim iracundia laboramus intellegat eu. Ne agam accusata definiebas has, ad consul scripta vel. Dicant accusamus ei nec, no graeci essent dicunt duo. In est vero insolens tacimates, vis prima essent definiebas ex. Duo ad imperdiet consetetur, vix ex facer movet quodsi.\r\n\r\nHas erant mediocrem ut. His vide vocent mnesarchum eu, eu nostrum mentitum persequeris usu. Ex pri purto delicata, ceteros sapientem omittantur pro eu, mel sale noluisse an. No diam etiam eum, vim eu utroque laboramus. Conceptam interpretaris ut per, mea liber mollis praesent ea. Tota dicant est an.', '2017-05-25 14:50:25', 'remirex1987', '1495723825.jpg', 2, 0),
(43, 'Naslov devete vesti', 'Opis devete vesti', 'Lorem ipsum dolor sit amet, te eirmod dissentias usu. Modus urbanitas repudiandae his et, euismod dolores eu eos. Ei pri vide consul quaerendum, quo ei principes moderatius adversarium. Ut quo vocent vulputate, evertitur voluptatum definiebas id his, clita percipit per in. At per indoctum accommodare, pro ex tale debitis commune. Natum omnesque at ius, sea graeci omnium no. Eu vim fugit etiam democritum.\r\n\r\nEi nostrud euripidis democritum est, scripta invenire expetendis et vel, cum sanctus epicuri in. Qui denique atomorum oportere no. Vis id quando deserunt, at mea atqui eirmod. Augue denique ea nam, aeque percipitur ut sea.\r\n\r\nTe sed augue oporteat persequeris. Id alia solet vel, aliquando intellegebat in est. Prompta corrumpit comprehensam et nam. Ei semper cetero salutatus ius. Eu novum labitur meliore mei, quo ex sale munere delectus. Error audiam ex mei, te duo exerci inermis. Inani reprehendunt sea ne.\r\n\r\nVim iracundia laboramus intellegat eu. Ne agam accusata definiebas has, ad consul scripta vel. Dicant accusamus ei nec, no graeci essent dicunt duo. In est vero insolens tacimates, vis prima essent definiebas ex. Duo ad imperdiet consetetur, vix ex facer movet quodsi.\r\n\r\nHas erant mediocrem ut. His vide vocent mnesarchum eu, eu nostrum mentitum persequeris usu. Ex pri purto delicata, ceteros sapientem omittantur pro eu, mel sale noluisse an. No diam etiam eum, vim eu utroque laboramus. Conceptam interpretaris ut per, mea liber mollis praesent ea. Tota dicant est an.', '2017-05-25 14:51:08', 'remirex1987', '1495723868.jpg', 3, 0),
(44, 'Naslov devete vesti', 'Opis devete vesti', 'Lorem ipsum dolor sit amet, te eirmod dissentias usu. Modus urbanitas repudiandae his et, euismod dolores eu eos. Ei pri vide consul quaerendum, quo ei principes moderatius adversarium. Ut quo vocent vulputate, evertitur voluptatum definiebas id his, clita percipit per in. At per indoctum accommodare, pro ex tale debitis commune. Natum omnesque at ius, sea graeci omnium no. Eu vim fugit etiam democritum.\r\n\r\nEi nostrud euripidis democritum est, scripta invenire expetendis et vel, cum sanctus epicuri in. Qui denique atomorum oportere no. Vis id quando deserunt, at mea atqui eirmod. Augue denique ea nam, aeque percipitur ut sea.\r\n\r\nTe sed augue oporteat persequeris. Id alia solet vel, aliquando intellegebat in est. Prompta corrumpit comprehensam et nam. Ei semper cetero salutatus ius. Eu novum labitur meliore mei, quo ex sale munere delectus. Error audiam ex mei, te duo exerci inermis. Inani reprehendunt sea ne.\r\n\r\nVim iracundia laboramus intellegat eu. Ne agam accusata definiebas has, ad consul scripta vel. Dicant accusamus ei nec, no graeci essent dicunt duo. In est vero insolens tacimates, vis prima essent definiebas ex. Duo ad imperdiet consetetur, vix ex facer movet quodsi.\r\n\r\nHas erant mediocrem ut. His vide vocent mnesarchum eu, eu nostrum mentitum persequeris usu. Ex pri purto delicata, ceteros sapientem omittantur pro eu, mel sale noluisse an. No diam etiam eum, vim eu utroque laboramus. Conceptam interpretaris ut per, mea liber mollis praesent ea. Tota dicant est an.', '2017-05-25 14:51:36', 'remirex1987', '1495723896.jpg', 4, 0),
(45, 'Naslov devete vesti (izmena)', 'Opis devete vesti', 'Lorem ipsum dolor sit amet, te eirmod dissentias usu. Modus urbanitas repudiandae his et, euismod dolores eu eos. Ei pri vide consul quaerendum, quo ei principes moderatius adversarium. Ut quo vocent vulputate, evertitur voluptatum definiebas id his, clita percipit per in. At per indoctum accommodare, pro ex tale debitis commune. Natum omnesque at ius, sea graeci omnium no. Eu vim fugit etiam democritum.\r\n\r\nEi nostrud euripidis democritum est, scripta invenire expetendis et vel, cum sanctus epicuri in. Qui denique atomorum oportere no. Vis id quando deserunt, at mea atqui eirmod. Augue denique ea nam, aeque percipitur ut sea.\r\n\r\nTe sed augue oporteat persequeris. Id alia solet vel, aliquando intellegebat in est. Prompta corrumpit comprehensam et nam. Ei semper cetero salutatus ius. Eu novum labitur meliore mei, quo ex sale munere delectus. Error audiam ex mei, te duo exerci inermis. Inani reprehendunt sea ne.\r\n\r\nVim iracundia laboramus intellegat eu. Ne agam accusata definiebas has, ad consul scripta vel. Dicant accusamus ei nec, no graeci essent dicunt duo. In est vero insolens tacimates, vis prima essent definiebas ex. Duo ad imperdiet consetetur, vix ex facer movet quodsi.\r\n\r\nHas erant mediocrem ut. His vide vocent mnesarchum eu, eu nostrum mentitum persequeris usu. Ex pri purto delicata, ceteros sapientem omittantur pro eu, mel sale noluisse an. No diam etiam eum, vim eu utroque laboramus. Conceptam interpretaris ut per, mea liber mollis praesent ea. Tota dicant est an.', '2017-05-25 14:52:09', 'remirex1987', '1495723928.jpg', 5, 0);

-- --------------------------------------------------------

--
-- Table structure for table `users`
--

CREATE TABLE `users` (
  `id` int(3) UNSIGNED NOT NULL,
  `first_name` varchar(42) NOT NULL,
  `last_name` varchar(42) NOT NULL,
  `password` varchar(256) NOT NULL,
  `email` varchar(100) NOT NULL,
  `status` varchar(42) NOT NULL DEFAULT 'user',
  `obrisan` int(1) NOT NULL DEFAULT '0',
  `potvrda` varchar(32) NOT NULL,
  `token` varchar(32) NOT NULL,
  `expire` timestamp NULL DEFAULT NULL
) ENGINE=MyISAM DEFAULT CHARSET=utf8;

--
-- Dumping data for table `users`
--

INSERT INTO `users` (`id`, `first_name`, `last_name`, `password`, `email`, `status`, `obrisan`, `potvrda`, `token`, `expire`) VALUES
(1, 'Admin', 'Admin', '$2y$10$MK/SNalQFjvwjJ7LPCqHouiZe/vB5olxmUl6zS1xvxGNK7c1x4fMK', 'admin@mail.com', 'admin', 0, '1', '', NULL);

--
-- Indexes for dumped tables
--

--
-- Indexes for table `gallery`
--
ALTER TABLE `gallery`
  ADD PRIMARY KEY (`id`);

--
-- Indexes for table `gallery_images`
--
ALTER TABLE `gallery_images`
  ADD PRIMARY KEY (`id`);

--
-- Indexes for table `kategorije`
--
ALTER TABLE `kategorije`
  ADD PRIMARY KEY (`id`);

--
-- Indexes for table `komentari`
--
ALTER TABLE `komentari`
  ADD PRIMARY KEY (`id`);

--
-- Indexes for table `news`
--
ALTER TABLE `news`
  ADD PRIMARY KEY (`id`);

--
-- Indexes for table `users`
--
ALTER TABLE `users`
  ADD PRIMARY KEY (`id`);

--
-- AUTO_INCREMENT for dumped tables
--

--
-- AUTO_INCREMENT for table `gallery`
--
ALTER TABLE `gallery`
  MODIFY `id` int(3) UNSIGNED NOT NULL AUTO_INCREMENT, AUTO_INCREMENT=3;
--
-- AUTO_INCREMENT for table `gallery_images`
--
ALTER TABLE `gallery_images`
  MODIFY `id` int(3) UNSIGNED NOT NULL AUTO_INCREMENT, AUTO_INCREMENT=14;
--
-- AUTO_INCREMENT for table `kategorije`
--
ALTER TABLE `kategorije`
  MODIFY `id` int(2) UNSIGNED NOT NULL AUTO_INCREMENT, AUTO_INCREMENT=7;
--
-- AUTO_INCREMENT for table `komentari`
--
ALTER TABLE `komentari`
  MODIFY `id` int(3) UNSIGNED NOT NULL AUTO_INCREMENT, AUTO_INCREMENT=2;
--
-- AUTO_INCREMENT for table `news`
--
ALTER TABLE `news`
  MODIFY `id` int(3) UNSIGNED NOT NULL AUTO_INCREMENT, AUTO_INCREMENT=46;
--
-- AUTO_INCREMENT for table `users`
--
ALTER TABLE `users`
  MODIFY `id` int(3) UNSIGNED NOT NULL AUTO_INCREMENT, AUTO_INCREMENT=2;
/*!40101 SET CHARACTER_SET_CLIENT=@OLD_CHARACTER_SET_CLIENT */;
/*!40101 SET CHARACTER_SET_RESULTS=@OLD_CHARACTER_SET_RESULTS */;
/*!40101 SET COLLATION_CONNECTION=@OLD_COLLATION_CONNECTION */;
